Workbook

Sheet Dashboard
B2: Reporte consolidado de comprobantes — Julio 2026
B3: Todas las empresas registradas · Periodo 01/07/2026–31/07/2026 · Último comprobante encontrado: 09/07/2026
B5: Empresas | F5: Boletas emitidas | J5: Facturas emitidas | N5: Notas de crédito emitidas
B6: =COUNTA('Resumen empresas'!$B$6:$B$15) -> 10 | F6: ='Resumen empresas'!D16 -> 19 | J6: ='Resumen empresas'!I16 -> 3 | N6: ='Resumen empresas'!N16 -> 5
B9: Monto de boletas emitidas | F9: Monto de facturas emitidas | J9: Monto de notas de crédito | N9: TOTAL NETO DEL MES
B10: ='Resumen empresas'!G16 -> 1621.58 | F10: ='Resumen empresas'!L16 -> 565.7 | J10: ='Resumen empresas'!Q16 -> 523.46 | N10: ='Resumen empresas'!R16 -> 1663.82
B14: Total neto = monto de boletas ACEPTADAS + monto de facturas ACEPTADAS − monto de notas de crédito ACEPTADAS.
N16: Control del periodo
N17: Boletas totales | Q17: 20
N18: Boletas rechazadas | Q18: 0
N19: Boletas otros estados | Q19: 1
N20: Facturas totales | Q20: 3
N21: Facturas rechazadas | Q21: 0
N22: NC totales | Q22: 5
N23: NC rechazadas | Q23: 0
N26: Importante: una boleta anulada forma parte del total de boletas, pero no del monto emitido. Por eso el total de documentos puede no coincidir con emitidos + rechazados.

Sheet Resumen empresas
A1: Resumen por empresa — Julio 2026
A2: Emitidas = estado SUNAT ACEPTADO. Rechazadas = estado SUNAT RECHAZADO. Otros = anuladas, pendientes, reemplazadas o cualquier otro estado.
A3: Los importes solo consideran comprobantes aceptados y se expresan en soles (PEN).
A5: Empresa | B5: RUC | C5: Boletas (total) | D5: Boletas emitidas | E5: Boletas rechazadas | F5: Boletas otros | G5: Monto boletas emitidas | H5: Facturas (total) | I5: Facturas emitidas | J5: Facturas rechazadas | K5: Facturas otros | L5: Monto facturas emitidas | M5: Notas crédito (total) | N5: Notas crédito emitidas | O5: Notas crédito rechazadas | P5: Notas crédito otros | Q5: Monto notas de crédito | R5: TOTAL NETO DEL MES
A6: RUNAPUMA E.I.R.L | B6: 20612400882 | C6: =COUNTIFS('Detalle documentos'!$D$6:$D$33,$B6,'Detalle documentos'!$B$6:$B$33,"Boleta") -> 12 | D6: =COUNTIFS('Detalle documentos'!$D$6:$D$33,$B6,'Detalle documentos'!$B$6:$B$33,"Boleta",'Detalle documentos'!$F$6:$F$33,"ACEPTADO") -> 11 | E6: =COUNTIFS('Detalle documentos'!$D$6:$D$33,$B6,'Detalle documentos'!$B$6:$B$33,"Boleta",'Detalle documentos'!$F$6:$F$33,"RECHAZADO") -> 0 | F6: =C6-D6-E6 -> 1 | G6: =SUMIFS('Detalle documentos'!$H$6:$H$33,'Detalle documentos'!$D$6:$D$33,$B6,'Detalle documentos'!$B$6:$B$33,"Boleta",'Detalle documentos'!$F$6:$F$33,"ACEPTADO") -> 1297.04 | H6: =COUNTIFS('Detalle documentos'!$D$6:$D$33,$B6,'Detalle documentos'!$B$6:$B$33,"Factura") -> 2 | I6: =COUNTIFS('Detalle documentos'!$D$6:$D$33,$B6,'Detalle documentos'!$B$6:$B$33,"Factura",'Detalle documentos'!$F$6:$F$33,"ACEPTADO") -> 2 | J6: =COUNTIFS('Detalle documentos'!$D$6:$D$33,$B6,'Detalle documentos'!$B$6:$B$33,"Factura",'Detalle documentos'!$F$6:$F$33,"RECHAZADO") -> 0 | K6: =H6-I6-J6 -> 0 | L6: =SUMIFS('Detalle documentos'!$H$6:$H$33,'Detalle documentos'!$D$6:$D$33,$B6,'Detalle documentos'!$B$6:$B$33,"Factura",'Detalle documentos'!$F$6:$F$33,"ACEPTADO") -> 192.8 | M6: =COUNTIFS('Detalle documentos'!$D$6:$D$33,$B6,'Detalle documentos'!$B$6:$B$33,"Nota de crédito") -> 2 | N6: =COUNTIFS('Detalle documentos'!$D$6:$D$33,$B6,'Detalle documentos'!$B$6:$B$33,"Nota de crédito",'Detalle documentos'!$F$6:$F$33,"ACEPTADO") -> 2 | O6: =COUNTIFS('Detalle documentos'!$D$6:$D$33,$B6,'Detalle documentos'!$B$6:$B$33,"Nota de crédito",'Detalle documentos'!$F$6:$F$33,"RECHAZADO") -> 0 | P6: =M6-N6-O6 -> 0 | Q6: =SUMIFS('Detalle documentos'!$H$6:$H$33,'Detalle documentos'!$D$6:$D$33,$B6,'Detalle documentos'!$B$6:$B$33,"Nota de crédito",'Detalle documentos'!$F$6:$F$33,"ACEPTADO") -> 272.8 | R6: =G6+L6-Q6 -> 1217.04
A7: IMPORTACIONES STARFISH E.I.R.L. | B7: 20612795305 | C7: =COUNTIFS('Detalle documentos'!$D$6:$D$33,$B7,'Detalle documentos'!$B$6:$B$33,"Boleta") -> 0 | D7: =COUNTIFS('Detalle documentos'!$D$6:$D$33,$B7,'Detalle documentos'!$B$6:$B$33,"Boleta",'Detalle documentos'!$F$6:$F$33,"ACEPTADO") -> 0 | E7: =COUNTIFS('Detalle documentos'!$D$6:$D$33,$B7,'Detalle documentos'!$B$6:$B$33,"Boleta",'Detalle documentos'!$F$6:$F$33,"RECHAZADO") -> 0 | F7: =C7-D7-E7 -> 0 | G7: =SUMIFS('Detalle documentos'!$H$6:$H$33,'Detalle documentos'!$D$6:$D$33,$B7,'Detalle documentos'!$B$6:$B$33,"Boleta",'Detalle documentos'!$F$6:$F$33,"ACEPTADO") -> 0 | H7: =COUNTIFS('Detalle documentos'!$D$6:$D$33,$B7,'Detalle documentos'!$B$6:$B$33,"Factura") -> 1 | I7: =COUNTIFS('Detalle documentos'!$D$6:$D$33,$B7,'Detalle documentos'!$B$6:$B$33,"Factura",'Detalle documentos'!$F$6:$F$33,"ACEPTADO") -> 1 | J7: =COUNTIFS('Detalle documentos'!$D$6:$D$33,$B7,'Detalle documentos'!$B$6:$B$33,"Factura",'Detalle documentos'!$F$6:$F$33,"RECHAZADO") -> 0 | K7: =H7-I7-J7 -> 0 | L7: =SUMIFS('Detalle documentos'!$H$6:$H$33,'Detalle documentos'!$D$6:$D$33,$B7,'Detalle documentos'!$B$6:$B$33,"Factura",'Detalle documentos'!$F$6:$F$33,"ACEPTADO") -> 372.9 | M7: =COUNTIFS('Detalle documentos'!$D$6:$D$33,$B7,'Detalle documentos'!$B$6:$B$33,"Nota de crédito") -> 0 | N7: =COUNTIFS('Detalle documentos'!$D$6:$D$33,$B7,'Detalle documentos'!$B$6:$B$33,"Nota de crédito",'Detalle documentos'!$F$6:$F$33,"ACEPTADO") -> 0 | O7: =COUNTIFS('Detalle documentos'!$D$6:$D$33,$B7,'Detalle documentos'!$B$6:$B$33,"Nota de crédito",'Detalle documentos'!$F$6:$F$33,"RECHAZADO") -> 0 | P7: =M7-N7-O7 -> 0 | Q7: =SUMIFS('Detalle documentos'!$H$6:$H$33,'Detalle documentos'!$D$6:$D$33,$B7,'Detalle documentos'!$B$6:$B$33,"Nota de crédito",'Detalle documentos'!$F$6:$F$33,"ACEPTADO") -> 0 | R7: =G7+L7-Q7 -> 372.9
A8: TIENDAS DOLPHIN E.I.R.L. | B8: 20612600563 | C8: =COUNTIFS('Detalle documentos'!$D$6:$D$33,$B8,'Detalle documentos'!$B$6:$B$33,"Boleta") -> 7 | D8: =COUNTIFS('Detalle documentos'!$D$6:$D$33,$B8,'Detalle documentos'!$B$6:$B$33,"Boleta",'Detalle documentos'!$F$6:$F$33,"ACEPTADO") -> 7 | E8: =COUNTIFS('Detalle documentos'!$D$6:$D$33,$B8,'Detalle documentos'!$B$6:$B$33,"Boleta",'Detalle documentos'!$F$6:$F$33,"RECHAZADO") -> 0 | F8: =C8-D8-E8 -> 0 | G8: =SUMIFS('Detalle documentos'!$H$6:$H$33,'Detalle documentos'!$D$6:$D$33,$B8,'Detalle documentos'!$B$6:$B$33,"Boleta",'Detalle documentos'!$F$6:$F$33,"ACEPTADO") -> 314.54 | H8: =COUNTIFS('Detalle documentos'!$D$6:$D$33,$B8,'Detalle documentos'!$B$6:$B$33,"Factura") -> 0 | I8: =COUNTIFS('Detalle documentos'!$D$6:$D$33,$B8,'Detalle documentos'!$B$6:$B$33,"Factura",'Detalle documentos'!$F$6:$F$33,"ACEPTADO") -> 0 | J8: =COUNTIFS('Detalle documentos'!$D$6:$D$33,$B8,'Detalle documentos'!$B$6:$B$33,"Factura",'Detalle documentos'!$F$6:$F$33,"RECHAZADO") -> 0 | K8: =H8-I8-J8 -> 0 | L8: =SUMIFS('Detalle documentos'!$H$6:$H$33,'Detalle documentos'!$D$6:$D$33,$B8,'Detalle documentos'!$B$6:$B$33,"Factura",'Detalle documentos'!$F$6:$F$33,"ACEPTADO") -> 0 | M8: =COUNTIFS('Detalle documentos'!$D$6:$D$33,$B8,'Detalle documentos'!$B$6:$B$33,"Nota de crédito") -> 0 | N8: =COUNTIFS('Detalle documentos'!$D$6:$D$33,$B8,'Detalle documentos'!$B$6:$B$33,"Nota de crédito",'Detalle documentos'!$F$6:$F$33,"ACEPTADO") -> 0 | O8: =COUNTIFS('Detalle documentos'!$D$6:$D$33,$B8,'Detalle documentos'!$B$6:$B$33,"Nota de crédito",'Detalle documentos'!$F$6:$F$33,"RECHAZADO") -> 0 | P8: =M8-N8-O8 -> 0 | Q8: =SUMIFS('Detalle documentos'!$H$6:$H$33,'Detalle documentos'!$D$6:$D$33,$B8,'Detalle documentos'!$B$6:$B$33,"Nota de crédito",'Detalle documentos'!$F$6:$F$33,"ACEPTADO") -> 0 | R8: =G8+L8-Q8 -> 314.54
A9: LIMBO PERU S.R.L | B9: 20607809136 | C9: =COUNTIFS('Detalle documentos'!$D$6:$D$33,$B9,'Detalle documentos'!$B$6:$B$33,"Boleta") -> 1 | D9: =COUNTIFS('Detalle documentos'!$D$6:$D$33,$B9,'Detalle documentos'!$B$6:$B$33,"Boleta",'Detalle documentos'!$F$6:$F$33,"ACEPTADO") -> 1 | E9: =COUNTIFS('Detalle documentos'!$D$6:$D$33,$B9,'Detalle documentos'!$B$6:$B$33,"Boleta",'Detalle documentos'!$F$6:$F$33,"RECHAZADO") -> 0 | F9: =C9-D9-E9 -> 0 | G9: =SUMIFS('Detalle documentos'!$H$6:$H$33,'Detalle documentos'!$D$6:$D$33,$B9,'Detalle documentos'!$B$6:$B$33,"Boleta",'Detalle documentos'!$F$6:$F$33,"ACEPTADO") -> 10 | H9: =COUNTIFS('Detalle documentos'!$D$6:$D$33,$B9,'Detalle documentos'!$B$6:$B$33,"Factura") -> 0 | I9: =COUNTIFS('Detalle documentos'!$D$6:$D$33,$B9,'Detalle documentos'!$B$6:$B$33,"Factura",'Detalle documentos'!$F$6:$F$33,"ACEPTADO") -> 0 | J9: =COUNTIFS('Detalle documentos'!$D$6:$D$33,$B9,'Detalle documentos'!$B$6:$B$33,"Factura",'Detalle documentos'!$F$6:$F$33,"RECHAZADO") -> 0 | K9: =H9-I9-J9 -> 0 | L9: =SUMIFS('Detalle documentos'!$H$6:$H$33,'Detalle documentos'!$D$6:$D$33,$B9,'Detalle documentos'!$B$6:$B$33,"Factura",'Detalle documentos'!$F$6:$F$33,"ACEPTADO") -> 0 | M9: =COUNTIFS('Detalle documentos'!$D$6:$D$33,$B9,'Detalle documentos'!$B$6:$B$33,"Nota de crédito") -> 0 | N9: =COUNTIFS('Detalle documentos'!$D$6:$D$33,$B9,'Detalle documentos'!$B$6:$B$33,"Nota de crédito",'Detalle documentos'!$F$6:$F$33,"ACEPTADO") -> 0 | O9: =COUNTIFS('Detalle documentos'!$D$6:$D$33,$B9,'Detalle documentos'!$B$6:$B$33,"Nota de crédito",'Detalle documentos'!$F$6:$F$33,"RECHAZADO") -> 0 | P9: =M9-N9-O9 -> 0 | Q9: =SUMIFS('Detalle documentos'!$H$6:$H$33,'Detalle documentos'!$D$6:$D$33,$B9,'Detalle documentos'!$B$6:$B$33,"Nota de crédito",'Detalle documentos'!$F$6:$F$33,"ACEPTADO") -> 0 | R9: =G9+L9-Q9 -> 10
A10: HIGHER PERU S.R.L. | B10: 20600999452 | C10: =COUNTIFS('Detalle documentos'!$D$6:$D$33,$B10,'Detalle documentos'!$B$6:$B$33,"Boleta") -> 0 | D10: =COUNTIFS('Detalle documentos'!$D$6:$D$33,$B10,'Detalle documentos'!$B$6:$B$33,"Boleta",'Detalle documentos'!$F$6:$F$33,"ACEPTADO") -> 0 | E10: =COUNTIFS('Detalle documentos'!$D$6:$D$33,$B10,'Detalle documentos'!$B$6:$B$33,"Boleta",'Detalle documentos'!$F$6:$F$33,"RECHAZADO") -> 0 | F10: =C10-D10-E10 -> 0 | G10: =SUMIFS('Detalle documentos'!$H$6:$H$33,'Detalle documentos'!$D$6:$D$33,$B10,'Detalle documentos'!$B$6:$B$33,"Boleta",'Detalle documentos'!$F$6:$F$33,"ACEPTADO") -> 0 | H10: =COUNTIFS('Detalle documentos'!$D$6:$D$33,$B10,'Detalle documentos'!$B$6:$B$33,"Factura") -> 0 | I10: =COUNTIFS('Detalle documentos'!$D$6:$D$33,$B10,'Detalle documentos'!$B$6:$B$33,"Factura",'Detalle documentos'!$F$6:$F$33,"ACEPTADO") -> 0 | J10: =COUNTIFS('Detalle documentos'!$D$6:$D$33,$B10,'Detalle documentos'!$B$6:$B$33,"Factura",'Detalle documentos'!$F$6:$F$33,"RECHAZADO") -> 0 | K10: =H10-I10-J10 -> 0 | L10: =SUMIFS('Detalle documentos'!$H$6:$H$33,'Detalle documentos'!$D$6:$D$33,$B10,'Detalle documentos'!$B$6:$B$33,"Factura",'Detalle documentos'!$F$6:$F$33,"ACEPTADO") -> 0 | M10: =COUNTIFS('Detalle documentos'!$D$6:$D$33,$B10,'Detalle documentos'!$B$6:$B$33,"Nota de crédito") -> 0 | N10: =COUNTIFS('Detalle documentos'!$D$6:$D$33,$B10,'Detalle documentos'!$B$6:$B$33,"Nota de crédito",'Detalle documentos'!$F$6:$F$33,"ACEPTADO") -> 0 | O10: =COUNTIFS('Detalle documentos'!$D$6:$D$33,$B10,'Detalle documentos'!$B$6:$B$33,"Nota de crédito",'Detalle documentos'!$F$6:$F$33,"RECHAZADO") -> 0 | P10: =M10-N10-O10 -> 0 | Q10: =SUMIFS('Detalle documentos'!$H$6:$H$33,'Detalle documentos'!$D$6:$D$33,$B10,'Detalle documentos'!$B$6:$B$33,"Nota de crédito",'Detalle documentos'!$F$6:$F$33,"ACEPTADO") -> 0 | R10: =G10+L10-Q10 -> 0
A11: INVERSIONES MANTA RAYA E.I.R.L. | B11: 20612346659 | C11: =COUNTIFS('Detalle documentos'!$D$6:$D$33,$B11,'Detalle documentos'!$B$6:$B$33,"Boleta") -> 0 | D11: =COUNTIFS('Detalle documentos'!$D$6:$D$33,$B11,'Detalle documentos'!$B$6:$B$33,"Boleta",'Detalle documentos'!$F$6:$F$33,"ACEPTADO") -> 0 | E11: =COUNTIFS('Detalle documentos'!$D$6:$D$33,$B11,'Detalle documentos'!$B$6:$B$33,"Boleta",'Detalle documentos'!$F$6:$F$33,"RECHAZADO") -> 0 | F11: =C11-D11-E11 -> 0 | G11: =SUMIFS('Detalle documentos'!$H$6:$H$33,'Detalle documentos'!$D$6:$D$33,$B11,'Detalle documentos'!$B$6:$B$33,"Boleta",'Detalle documentos'!$F$6:$F$33,"ACEPTADO") -> 0 | H11: =COUNTIFS('Detalle documentos'!$D$6:$D$33,$B11,'Detalle documentos'!$B$6:$B$33,"Factura") -> 0 | I11: =COUNTIFS('Detalle documentos'!$D$6:$D$33,$B11,'Detalle documentos'!$B$6:$B$33,"Factura",'Detalle documentos'!$F$6:$F$33,"ACEPTADO") -> 0 | J11: =COUNTIFS('Detalle documentos'!$D$6:$D$33,$B11,'Detalle documentos'!$B$6:$B$33,"Factura",'Detalle documentos'!$F$6:$F$33,"RECHAZADO") -> 0 | K11: =H11-I11-J11 -> 0 | L11: =SUMIFS('Detalle documentos'!$H$6:$H$33,'Detalle documentos'!$D$6:$D$33,$B11,'Detalle documentos'!$B$6:$B$33,"Factura",'Detalle documentos'!$F$6:$F$33,"ACEPTADO") -> 0 | M11: =COUNTIFS('Detalle documentos'!$D$6:$D$33,$B11,'Detalle documentos'!$B$6:$B$33,"Nota de crédito") -> 0 | N11: =COUNTIFS('Detalle documentos'!$D$6:$D$33,$B11,'Detalle documentos'!$B$6:$B$33,"Nota de crédito",'Detalle documentos'!$F$6:$F$33,"ACEPTADO") -> 0 | O11: =COUNTIFS('Detalle documentos'!$D$6:$D$33,$B11,'Detalle documentos'!$B$6:$B$33,"Nota de crédito",'Detalle documentos'!$F$6:$F$33,"RECHAZADO") -> 0 | P11: =M11-N11-O11 -> 0 | Q11: =SUMIFS('Detalle documentos'!$H$6:$H$33,'Detalle documentos'!$D$6:$D$33,$B11,'Detalle documentos'!$B$6:$B$33,"Nota de crédito",'Detalle documentos'!$F$6:$F$33,"ACEPTADO") -> 0 | R11: =G11+L11-Q11 -> 0
A12: INVERSIONES YAKURUNA E.I.R.L. | B12: 20612400866 | C12: =COUNTIFS('Detalle documentos'!$D$6:$D$33,$B12,'Detalle documentos'!$B$6:$B$33,"Boleta") -> 0 | D12: =COUNTIFS('Detalle documentos'!$D$6:$D$33,$B12,'Detalle documentos'!$B$6:$B$33,"Boleta",'Detalle documentos'!$F$6:$F$33,"ACEPTADO") -> 0 | E12: =COUNTIFS('Detalle documentos'!$D$6:$D$33,$B12,'Detalle documentos'!$B$6:$B$33,"Boleta",'Detalle documentos'!$F$6:$F$33,"RECHAZADO") -> 0 | F12: =C12-D12-E12 -> 0 | G12: =SUMIFS('Detalle documentos'!$H$6:$H$33,'Detalle documentos'!$D$6:$D$33,$B12,'Detalle documentos'!$B$6:$B$33,"Boleta",'Detalle documentos'!$F$6:$F$33,"ACEPTADO") -> 0 | H12: =COUNTIFS('Detalle documentos'!$D$6:$D$33,$B12,'Detalle documentos'!$B$6:$B$33,"Factura") -> 0 | I12: =COUNTIFS('Detalle documentos'!$D$6:$D$33,$B12,'Detalle documentos'!$B$6:$B$33,"Factura",'Detalle documentos'!$F$6:$F$33,"ACEPTADO") -> 0 | J12: =COUNTIFS('Detalle documentos'!$D$6:$D$33,$B12,'Detalle documentos'!$B$6:$B$33,"Factura",'Detalle documentos'!$F$6:$F$33,"RECHAZADO") -> 0 | K12: =H12-I12-J12 -> 0 | L12: =SUMIFS('Detalle documentos'!$H$6:$H$33,'Detalle documentos'!$D$6:$D$33,$B12,'Detalle documentos'!$B$6:$B$33,"Factura",'Detalle documentos'!$F$6:$F$33,"ACEPTADO") -> 0 | M12: =COUNTIFS('Detalle documentos'!$D$6:$D$33,$B12,'Detalle documentos'!$B$6:$B$33,"Nota de crédito") -> 0 | N12: =COUNTIFS('Detalle documentos'!$D$6:$D$33,$B12,'Detalle documentos'!$B$6:$B$33,"Nota de crédito",'Detalle documentos'!$F$6:$F$33,"ACEPTADO") -> 0 | O12: =COUNTIFS('Detalle documentos'!$D$6:$D$33,$B12,'Detalle documentos'!$B$6:$B$33,"Nota de crédito",'Detalle documentos'!$F$6:$F$33,"RECHAZADO") -> 0 | P12: =M12-N12-O12 -> 0 | Q12: =SUMIFS('Detalle documentos'!$H$6:$H$33,'Detalle documentos'!$D$6:$D$33,$B12,'Detalle documentos'!$B$6:$B$33,"Nota de crédito",'Detalle documentos'!$F$6:$F$33,"ACEPTADO") -> 0 | R12: =G12+L12-Q12 -> 0
A13: LA TIENDA DEL VIAJERO E.I.R.L. | B13: 20601002630 | C13: =COUNTIFS('Detalle documentos'!$D$6:$D$33,$B13,'Detalle documentos'!$B$6:$B$33,"Boleta") -> 0 | D13: =COUNTIFS('Detalle documentos'!$D$6:$D$33,$B13,'Detalle documentos'!$B$6:$B$33,"Boleta",'Detalle documentos'!$F$6:$F$33,"ACEPTADO") -> 0 | E13: =COUNTIFS('Detalle documentos'!$D$6:$D$33,$B13,'Detalle documentos'!$B$6:$B$33,"Boleta",'Detalle documentos'!$F$6:$F$33,"RECHAZADO") -> 0 | F13: =C13-D13-E13 -> 0 | G13: =SUMIFS('Detalle documentos'!$H$6:$H$33,'Detalle documentos'!$D$6:$D$33,$B13,'Detalle documentos'!$B$6:$B$33,"Boleta",'Detalle documentos'!$F$6:$F$33,"ACEPTADO") -> 0 | H13: =COUNTIFS('Detalle documentos'!$D$6:$D$33,$B13,'Detalle documentos'!$B$6:$B$33,"Factura") -> 0 | I13: =COUNTIFS('Detalle documentos'!$D$6:$D$33,$B13,'Detalle documentos'!$B$6:$B$33,"Factura",'Detalle documentos'!$F$6:$F$33,"ACEPTADO") -> 0 | J13: =COUNTIFS('Detalle documentos'!$D$6:$D$33,$B13,'Detalle documentos'!$B$6:$B$33,"Factura",'Detalle documentos'!$F$6:$F$33,"RECHAZADO") -> 0 | K13: =H13-I13-J13 -> 0 | L13: =SUMIFS('Detalle documentos'!$H$6:$H$33,'Detalle documentos'!$D$6:$D$33,$B13,'Detalle documentos'!$B$6:$B$33,"Factura",'Detalle documentos'!$F$6:$F$33,"ACEPTADO") -> 0 | M13: =COUNTIFS('Detalle documentos'!$D$6:$D$33,$B13,'Detalle documentos'!$B$6:$B$33,"Nota de crédito") -> 0 | N13: =COUNTIFS('Detalle documentos'!$D$6:$D$33,$B13,'Detalle documentos'!$B$6:$B$33,"Nota de crédito",'Detalle documentos'!$F$6:$F$33,"ACEPTADO") -> 0 | O13: =COUNTIFS('Detalle documentos'!$D$6:$D$33,$B13,'Detalle documentos'!$B$6:$B$33,"Nota de crédito",'Detalle documentos'!$F$6:$F$33,"RECHAZADO") -> 0 | P13: =M13-N13-O13 -> 0 | Q13: =SUMIFS('Detalle documentos'!$H$6:$H$33,'Detalle documentos'!$D$6:$D$33,$B13,'Detalle documentos'!$B$6:$B$33,"Nota de crédito",'Detalle documentos'!$F$6:$F$33,"ACEPTADO") -> 0 | R13: =G13+L13-Q13 -> 0
A14: TIENDAS STINGRAY E.I.R.L. | B14: 20612595675 | C14: =COUNTIFS('Detalle documentos'!$D$6:$D$33,$B14,'Detalle documentos'!$B$6:$B$33,"Boleta") -> 0 | D14: =COUNTIFS('Detalle documentos'!$D$6:$D$33,$B14,'Detalle documentos'!$B$6:$B$33,"Boleta",'Detalle documentos'!$F$6:$F$33,"ACEPTADO") -> 0 | E14: =COUNTIFS('Detalle documentos'!$D$6:$D$33,$B14,'Detalle documentos'!$B$6:$B$33,"Boleta",'Detalle documentos'!$F$6:$F$33,"RECHAZADO") -> 0 | F14: =C14-D14-E14 -> 0 | G14: =SUMIFS('Detalle documentos'!$H$6:$H$33,'Detalle documentos'!$D$6:$D$33,$B14,'Detalle documentos'!$B$6:$B$33,"Boleta",'Detalle documentos'!$F$6:$F$33,"ACEPTADO") -> 0 | H14: =COUNTIFS('Detalle documentos'!$D$6:$D$33,$B14,'Detalle documentos'!$B$6:$B$33,"Factura") -> 0 | I14: =COUNTIFS('Detalle documentos'!$D$6:$D$33,$B14,'Detalle documentos'!$B$6:$B$33,"Factura",'Detalle documentos'!$F$6:$F$33,"ACEPTADO") -> 0 | J14: =COUNTIFS('Detalle documentos'!$D$6:$D$33,$B14,'Detalle documentos'!$B$6:$B$33,"Factura",'Detalle documentos'!$F$6:$F$33,"RECHAZADO") -> 0 | K14: =H14-I14-J14 -> 0 | L14: =SUMIFS('Detalle documentos'!$H$6:$H$33,'Detalle documentos'!$D$6:$D$33,$B14,'Detalle documentos'!$B$6:$B$33,"Factura",'Detalle documentos'!$F$6:$F$33,"ACEPTADO") -> 0 | M14: =COUNTIFS('Detalle documentos'!$D$6:$D$33,$B14,'Detalle documentos'!$B$6:$B$33,"Nota de crédito") -> 0 | N14: =COUNTIFS('Detalle documentos'!$D$6:$D$33,$B14,'Detalle documentos'!$B$6:$B$33,"Nota de crédito",'Detalle documentos'!$F$6:$F$33,"ACEPTADO") -> 0 | O14: =COUNTIFS('Detalle documentos'!$D$6:$D$33,$B14,'Detalle documentos'!$B$6:$B$33,"Nota de crédito",'Detalle documentos'!$F$6:$F$33,"RECHAZADO") -> 0 | P14: =M14-N14-O14 -> 0 | Q14: =SUMIFS('Detalle documentos'!$H$6:$H$33,'Detalle documentos'!$D$6:$D$33,$B14,'Detalle documentos'!$B$6:$B$33,"Nota de crédito",'Detalle documentos'!$F$6:$F$33,"ACEPTADO") -> 0 | R14: =G14+L14-Q14 -> 0
A15: BEAUTY HOME E.I.R.L | B15: 20612784192 | C15: =COUNTIFS('Detalle documentos'!$D$6:$D$33,$B15,'Detalle documentos'!$B$6:$B$33,"Boleta") -> 0 | D15: =COUNTIFS('Detalle documentos'!$D$6:$D$33,$B15,'Detalle documentos'!$B$6:$B$33,"Boleta",'Detalle documentos'!$F$6:$F$33,"ACEPTADO") -> 0 | E15: =COUNTIFS('Detalle documentos'!$D$6:$D$33,$B15,'Detalle documentos'!$B$6:$B$33,"Boleta",'Detalle documentos'!$F$6:$F$33,"RECHAZADO") -> 0 | F15: =C15-D15-E15 -> 0 | G15: =SUMIFS('Detalle documentos'!$H$6:$H$33,'Detalle documentos'!$D$6:$D$33,$B15,'Detalle documentos'!$B$6:$B$33,"Boleta",'Detalle documentos'!$F$6:$F$33,"ACEPTADO") -> 0 | H15: =COUNTIFS('Detalle documentos'!$D$6:$D$33,$B15,'Detalle documentos'!$B$6:$B$33,"Factura") -> 0 | I15: =COUNTIFS('Detalle documentos'!$D$6:$D$33,$B15,'Detalle documentos'!$B$6:$B$33,"Factura",'Detalle documentos'!$F$6:$F$33,"ACEPTADO") -> 0 | J15: =COUNTIFS('Detalle documentos'!$D$6:$D$33,$B15,'Detalle documentos'!$B$6:$B$33,"Factura",'Detalle documentos'!$F$6:$F$33,"RECHAZADO") -> 0 | K15: =H15-I15-J15 -> 0 | L15: =SUMIFS('Detalle documentos'!$H$6:$H$33,'Detalle documentos'!$D$6:$D$33,$B15,'Detalle documentos'!$B$6:$B$33,"Factura",'Detalle documentos'!$F$6:$F$33,"ACEPTADO") -> 0 | M15: =COUNTIFS('Detalle documentos'!$D$6:$D$33,$B15,'Detalle documentos'!$B$6:$B$33,"Nota de crédito") -> 3 | N15: =COUNTIFS('Detalle documentos'!$D$6:$D$33,$B15,'Detalle documentos'!$B$6:$B$33,"Nota de crédito",'Detalle documentos'!$F$6:$F$33,"ACEPTADO") -> 3 | O15: =COUNTIFS('Detalle documentos'!$D$6:$D$33,$B15,'Detalle documentos'!$B$6:$B$33,"Nota de crédito",'Detalle documentos'!$F$6:$F$33,"RECHAZADO") -> 0 | P15: =M15-N15-O15 -> 0 | Q15: =SUMIFS('Detalle documentos'!$H$6:$H$33,'Detalle documentos'!$D$6:$D$33,$B15,'Detalle documentos'!$B$6:$B$33,"Nota de crédito",'Detalle documentos'!$F$6:$F$33,"ACEPTADO") -> 250.66 | R15: =G15+L15-Q15 -> -250.66
A16: TOTAL DEL MES | C16: =SUM(C6:C15) -> 20 | D16: =SUM(D6:D15) -> 19 | E16: =SUM(E6:E15) -> 0 | F16: =SUM(F6:F15) -> 1 | G16: =SUM(G6:G15) -> 1621.58 | H16: =SUM(H6:H15) -> 3 | I16: =SUM(I6:I15) -> 3 | J16: =SUM(J6:J15) -> 0 | ... R16: =SUM(R6:R15) -> 1663.82

Sheet Detalle documentos
A1: Detalle de comprobantes — Julio 2026
A2: Fuente: tablas boletas, facturas y credit_notes de la base PostgreSQL. Periodo filtrado: 01/07/2026–31/07/2026.
A3: Los montos son el importe total del comprobante (mto_imp_venta). Use los filtros para revisar empresa, tipo o estado.
A5: Fecha emisión | B5: Tipo | C5: Empresa | D5: RUC | E5: N.º comprobante | F5: Estado SUNAT | G5: Moneda | H5: Importe total | I5: N.º orden | J5: Documento afectado | K5: Tipo doc. afectado | L5: Motivo nota de crédito | M5: Método de envío | N5: ID empresa
A6: 46204 | B6: Boleta | C6: RUNAPUMA E.I.R.L | D6: 20612400882 | E6: B001-001753 | F6: ACEPTADO | G6: PEN | H6: 47.94 | I6: 3242563152 | M6: resumen_diario | N6: 4
A7: 46204 | B7: Boleta | C7: RUNAPUMA E.I.R.L | D7: 20612400882 | E7: B001-001757 | F7: ACEPTADO | G7: PEN | H7: 159.9 | I7: 3242549662 | M7: resumen_diario | N7: 4
A8: 46204 | B8: Boleta | C8: RUNAPUMA E.I.R.L | D8: 20612400882 | E8: B001-001758 | F8: ACEPTADO | G8: PEN | H8: 17.96 | I8: 3242549508 | M8: individual | N8: 4
A9: 46204 | B9: Boleta | C9: RUNAPUMA E.I.R.L | D9: 20612400882 | E9: B001-001759 | F9: ACEPTADO | G9: PEN | H9: 129.9 | I9: 3242548783 | M9: individual | N9: 4
A10: 46204 | B10: Boleta | C10: RUNAPUMA E.I.R.L | D10: 20612400882 | E10: B001-001761 | F10: ACEPTADO | G10: PEN | H10: 61.78 | I10: 3242527258 | M10: individual | N10: 4
A11: 46204 | B11: Boleta | C11: RUNAPUMA E.I.R.L | D11: 20612400882 | E11: B001-001764 | F11: ACEPTADO | G11: PEN | H11: 29.9 | I11: 3242632102 | M11: individual | N11: 4
A12: 46204 | B12: Boleta | C12: RUNAPUMA E.I.R.L | D12: 20612400882 | E12: B001-001765 | F12: ACEPTADO | G12: PEN | H12: 42.82 | I12: 3242582565 | M12: individual | N12: 4
A13: 46204 | B13: Boleta | C13: RUNAPUMA E.I.R.L | D13: 20612400882 | E13: B001-001766 | F13: ACEPTADO | G13: PEN | H13: 79.9 | I13: 3242580668 | M13: individual | N13: 4
A14: 46204 | B14: Boleta | C14: RUNAPUMA E.I.R.L | D14: 20612400882 | E14: B001-001767 | F14: ACEPTADO | G14: PEN | H14: 26.94 | I14: 3242569321 | M14: individual | N14: 4
A15: 46204 | B15: Factura | C15: RUNAPUMA E.I.R.L | D15: 20612400882 | E15: F001-000003 | F15: ACEPTADO | G15: PEN | H15: 172.8 | I15: 3242541391 | M15: individual | N15: 4
A16: 46204 | B16: Boleta | C16: TIENDAS DOLPHIN E.I.R.L. | D16: 20612600563 | E16: B001-000432 | F16: ACEPTADO | G16: PEN | H16: 79.95 | I16: 3242520710 | M16: resumen_diario | N16: 2
A17: 46204 | B17: Boleta | C17: TIENDAS DOLPHIN E.I.R.L. | D17: 20612600563 | E17: B001-000434 | F17: ACEPTADO | G17: PEN | H17: 89.9 | I17: 3242518897 | M17: resumen_diario | N17: 2
... A20: 46204 | B20: Boleta | C20: TIENDAS DOLPHIN E.I.R.L. | D20: 20612600563 | E20: B001-000438 | F20: ACEPTADO | G20: PEN | H20: 34.9 | I20: 3242543961 | M20: resumen_diario | N20: 2
A21: 46205 | B21: Boleta | C21: RUNAPUMA E.I.R.L | D21: 20612400882 | E21: B001-001760 | F21: ANULADO | G21: PEN | H21: 100 | M21: individual | N21: 4
A22: 46205 | B22: Nota de crédito | C22: RUNAPUMA E.I.R.L | D22: 20612400882 | E22: B001-000084 | F22: ACEPTADO | G22: PEN | H22: 100 | J22: B001-001760 | K22: 03 | L22: ANULACION DE LA OPERACION | N22: 4
A23: 46205 | B23: Nota de crédito | C23: RUNAPUMA E.I.R.L | D23: 20612400882 | E23: F001-000001 | F23: ACEPTADO | G23: PEN | H23: 172.8 | J23: F001-000002 | K23: 01 | L23: ANULACION DE LA OPERACION | N23: 4
A24: 46205 | B24: Boleta | C24: TIENDAS DOLPHIN E.I.R.L. | D24: 20612600563 | E24: B001-000442 | F24: ACEPTADO | G24: PEN | H24: 14.99 | I24: 3242639729 | M24: resumen_diario | N24: 2
A25: 46205 | B25: Boleta | C25: TIENDAS DOLPHIN E.I.R.L. | D25: 20612600563 | E25: B001-000443 | F25: ACEPTADO | G25: PEN | H25: 34.9 | I25: 3242693167 | M25: individual | N25: 2
A26: 46206 | B26: Boleta | C26: LIMBO PERU S.R.L | D26: 20607809136 | E26: B001-000496 | F26: ACEPTADO | G26: PEN | H26: 10 | M26: individual | N26: 1
A27: 46206 | B27: Boleta | C27: RUNAPUMA E.I.R.L | D27: 20612400882 | E27: B001-001762 | F27: ACEPTADO | G27: PEN | H27: 200 | M27: individual | N27: 4
A28: 46206 | B28: Boleta | C28: RUNAPUMA E.I.R.L | D28: 20612400882 | E28: B001-001763 | F28: ACEPTADO | G28: PEN | H28: 500 | M28: individual | N28: 4
A29: 46206 | B29: Factura | C29: RUNAPUMA E.I.R.L | D29: 20612400882 | E29: F001-000004 | F29: ACEPTADO | G29: PEN | H29: 20 | M29: individual | N29: 4
A30: 46210 | B30: Factura | C30: IMPORTACIONES STARFISH E.I.R.L. | D30: 20612795305 | E30: F999-000001 | F30: ACEPTADO | G30: PEN | H30: 372.9 | I30: 3242423824 | M30: individual | N30: 5
A31: 46212 | B31: Nota de crédito | C31: BEAUTY HOME E.I.R.L | D31: 20612784192 | E31: B001-000073 | F31: ACEPTADO | G31: PEN | H31: 47.96 | J31: B001-000233 | K31: 03 | L31: ANULACION DE LA OPERACION | N31: 8
A32: 46212 | B32: Nota de crédito | C32: BEAUTY HOME E.I.R.L | D32: 20612784192 | E32: B001-000074 | F32: ACEPTADO | G32: PEN | H32: 42.8 | J32: B001-000249 | K32: 03 | L32: ANULACION DE LA OPERACION | N32: 8
A33: 46212 | B33: Nota de crédito | C33: BEAUTY HOME E.I.R.L | D33: 20612784192 | E33: B001-000075 | F33: ACEPTADO | G33: PEN | H33: 159.9 | J33: B001-000263 | K33: 03 | L33: ANULACION DE LA OPERACION | N33: 8

Sheet Metodología
B2: Metodología y controles
B3: Reporte consolidado para Julio 2026. Fecha de generación: 31/07/2026.
B5: Definiciones
B6: Empresa incluida | C6: Toda empresa registrada en la tabla companies, incluso si no tuvo movimientos en el mes.
B7: Documento emitido | C7: Comprobante cuyo estado SUNAT es ACEPTADO.
B8: Documento rechazado | C8: Comprobante cuyo estado SUNAT es RECHAZADO.
B9: Otros estados | C9: ANULADO, PENDIENTE, REEMPLAZADO, sin estado u otro valor distinto de ACEPTADO/RECHAZADO.
B10: Monto de boletas/facturas | C10: Suma de mto_imp_venta únicamente para documentos ACEPTADOS.
B11: Monto de notas de crédito | C11: Suma de mto_imp_venta únicamente para notas de crédito ACEPTADAS.
B12: Total neto mensual | C12: Monto de boletas aceptadas + monto de facturas aceptadas − monto de notas de crédito aceptadas.
B15: Controles de conciliación
B16: Control | C16: Valor reportado | D16: Valor recalculado | E16: Resultado
B17: Boletas: total = emitidas + rechazadas + otros | C17: 20 | D17: 20 | E17: OK
B18: Facturas: total = emitidas + rechazadas + otros | C18: 3 | D18: 3 | E18: OK
B19: Notas de crédito: total = emitidas + rechazadas + otros | C19: 5 | D19: 5 | E19: OK
B20: Total neto recalculado | C20: 1663.82 | D20: 1663.82 | E20: OK
B23: Fuente de datos
B24: Base | C24: PostgreSQL configurada mediante DATABASE_URL_POSTGRES/DATABASE_URL del proyecto.
B25: Tablas | C25: companies, boletas, facturas y credit_notes.
B26: Rango | C26: 01/07/2026 al 31/07/2026.
B27: Moneda | C27: PEN. El reporte no realiza conversión de moneda.
